date,meantempm,meandewptm,meanpressurem,maxhumidity,minhumidity,maxtempm,mintempm,maxdewptm,mindewptm,maxpressurem,minpressurem,precipm
2015-01-01,-6,-12,1023,84,54,2,-13,-6,-18,1025,1019,0.0
2015-01-02,-6,-9,1022,92,56,1,-12,-6,-13,1026,1017,0.0
2015-01-03,-4,-11,1016,92,59,3,-13,-4,-16,1025,1010,0.76
2015-01-04,-14,-19,1033,80,46,-12,-18,-16,-23,1043,1023,0.25
2015-01-05,-9,-14,1032,80,53,-3,-14,-8,-17,1043,1023,0.0
2015-01-06,-10,-15,1036,80,54,-6,-14,-12,-18,1043,1027,
2015-01-07,-16,-22,1035,72,45,-12,-19,-18,-24,1055,956,0.0
2015-01-08,-7,-12,1024,69,55,2,-16,-4,-21,1037,1014,0.0
2015-01-09,-11,-19,1035,69,43,-7,-16,-13,-21,1039,1030,
2015-01-10,-6,-12,1023,79,43,6,-17,-6,-19,1031,1019,0.0
2015-01-11,-5,-11,1024,96,47,3,-13,-7,-14,1031,1021,0.0
2015-01-12,-13,-17,1040,87,45,-7,-19,-13,-21,1044,1032,0.0
2015-01-13,-12,-18,1037,87,40,-4,-20,-14,-23,1043,1032,0.0
2015-01-14,-2,-8,1026,84,51,4,-9,-4,-15,1030,1023,0.0
2015-01-15,1,-6,1023,91,45,9,-9,-2,-10,1024,1021,0.0
2015-01-16,4,-4,1014,96,30,15,-7,-2,-7,1022,1008,0.0
2015-01-17,7,-3,1012,65,32,12,3,1,-5,1016,1006,
2015-01-18,4,-4,1015,85,25,14,-6,-2,-7,1017,1012,0.0
2015-01-19,5,-3,1015,84,33,16,-6,1,-6,1017,1013,0.0
2015-01-20,4,-3,1018,78,38,11,-3,-2,-5,1020,1016,0.0
2015-01-21,2,-3,1025,85,45,8,-5,-2,-5,1030,1021,0.0
2015-01-22,-1,-5,1031,85,59,4,-6,-3,-8,1034,1028,0.0
2015-01-23,1,-6,1020,84,34,9,-8,-2,-9,1027,1015,0.0
2015-01-24,6,-1,1010,85,35,14,-3,5,-4,1017,1005,0.76
2015-01-25,3,-1,1014,85,70,8,-1,3,-3,1020,1005,
2015-01-26,7,-1,1016,92,32,17,-2,2,-4,1019,1014,0.0
2015-01-27,4,-2,1019,92,36,15,-6,1,-8,1022,1015,0.0
2015-01-28,9,0,1010,85,36,18,-1,2,-3,1016,1005,0.0
2015-01-29,-1,-3,1029,81,53,6,-7,0,-8,1036,1019,0.0
2015-01-30,-3,-6,1032,92,51,6,-12,-3,-13,1036,1026,0.0
2015-01-31,2,0,1018,96,64,4,0,1,-2,1025,1011,20.83
2015-02-01,-8,-10,1018,92,73,0,-16,-1,-19,1031,1009,10.16
2015-02-02,-14,-17,1026,92,73,-7,-22,-11,-24,1031,1019,0.0
2015-02-03,-5,-8,1018,92,74,3,-14,-1,-16,1022,1013,0.0
2015-02-04,-14,-13,1029,91,61,-4,-25,-8,-25,1037,1021,13.21
2015-02-05,-15,-17,1029,86,55,-3,-27,-9,-28,1037,1021,0.0
2015-02-06,1,-3,1015,100,62,6,-6,0,-8,1020,1011,0.0
2015-02-07,4,-1,1006,92,54,12,-4,2,-5,1010,1002,0.0
2015-02-08,8,2,1013,92,51,14,2,5,-1,1022,1003,0.0
2015-02-09,2,0,1023,100,85,3,0,2,-1,1026,1021,0.0
2015-02-10,2,0,1018,100,79,5,-2,2,-2,1021,1014,0.0
2015-02-11,-1,-7,1029,92,47,4,-6,2,-11,1035,1021,0.0
2015-02-12,-9,-16,1035,69,51,-5,-14,-12,-18,1041,1027,0.0
2015-02-13,2,-6,1023,82,41,12,-9,-1,-12,1027,1020,0.0
2015-02-14,-3,-12,1028,85,35,3,-9,-2,-18,1034,1020,0.0
2015-02-15,-9,-17,1030,61,47,-7,-11,-16,-18,1033,1026,0.0
2015-02-16,-2,-10,1022,78,48,3,-8,-4,-16,1027,1019,0.0
2015-02-17,-7,-11,1021,81,40,-2,-11,-6,-17,1022,1019,0.51
2015-02-18,-12,-19,1029,76,35,-7,-17,-16,-21,1032,1021,0.0
2015-02-19,-11,-15,1027,79,46,-5,-18,-12,-21,1033,1021,0.25
2015-02-20,-3,-8,1014,83,48,6,-12,-3,-14,1020,1011,0.0
2015-02-21,-2,-5,1020,92,57,4,-8,-1,-16,1032,1013,0.0
2015-02-22,-11,-19,1040,66,31,-6,-16,-16,-22,1046,1033,0.0
2015-02-23,-12,-19,1037,82,26,-3,-21,-13,-23,1046,1025,0.0
2015-02-24,1,-8,1016,75,33,10,-8,-5,-12,1024,1012,0.0
2015-02-25,-2,-6,1013,85,49,8,-12,2,-16,1028,1007,1.27
2015-02-26,-13,-18,1034,83,51,-9,-18,-16,-21,1039,1026,0.0
2015-02-27,-13,-19,1037,86,39,-6,-21,-17,-24,1041,1035,0.0
2015-02-28,-9,-12,1031,84,63,-4,-15,-8,-18,1035,1027,0.76
2015-03-01,-1,-9,1030,84,30,6,-8,-7,-11,1034,1027,0.0
2015-03-02,0,-8,1025,77,36,6,-7,-6,-10,1034,1012,0.0
2015-03-03,-2,-6,1011,100,32,3,-8,0,-15,1023,1004,0.0
2015-03-04,-7,-13,1027,88,28,0,-14,-10,-19,1034,1023,0.76
2015-03-05,-8,-16,1033,83,29,2,-18,-11,-22,1037,1027,0.0
2015-03-06,5,-9,1023,73,14,18,-8,-7,-11,1026,1021,0.0
2015-03-07,7,-5,1023,74,21,18,-4,-2,-8,1025,1020,0.0
2015-03-08,6,-2,1020,81,33,15,-4,0,-6,1022,1018,0.0
2015-03-09,5,-5,1019,92,22,17,-7,1,-7,1022,1015,0.0
2015-03-10,11,-2,1015,85,17,23,-3,2,-6,1020,1014,0.0
2015-03-11,10,-1,1024,92,22,22,-3,2,-4,1027,1021,0.0
2015-03-12,14,1,1022,76,23,25,2,4,-2,1025,1019,0.0
2015-03-13,12,0,1021,76,21,24,-1,2,-3,1024,1020,0.0
2015-03-14,11,-1,1025,89,19,21,1,2,-4,1028,1023,0.0
2015-03-15,15,-4,1020,59,10,27,2,-2,-7,1024,1016,0.0
2015-03-16,19,0,1013,71,9,32,6,4,-5,1023,1007,0.0
2015-03-17,6,-9,1030,76,14,11,0,2,-15,1034,1024,0.0
2015-03-18,5,-7,1023,63,24,12,-3,-2,-9,1028,1019,0.0
2015-03-19,5,1,1020,92,54,11,-1,2,-2,1022,1017,0.0
2015-03-20,9,-3,1020,96,16,24,-6,1,-6,1023,1016,0.0
2015-03-21,11,1,1020,89,27,20,1,2,-2,1024,1017,0.0
2015-03-22,12,1,1015,92,23,24,-2,6,-2,1018,1011,0.0
2015-03-23,6,-2,1021,82,44,12,-1,0,-3,1023,1018,0.0
2015-03-24,3,1,1014,92,62,5,1,2,-1,1018,1010,17.78
2015-03-25,3,1,1019,100,53,8,-2,3,-3,1025,1013,
2015-03-26,2,-2,1023,100,35,11,-7,1,-8,1026,1020,1.02
2015-03-27,-1,-6,1024,92,40,5,-6,-1,-8,1028,1020,
2015-03-28,7,-2,1019,78,40,14,-1,1,-6,1022,1013,0.0
2015-03-29,10,0,1016,82,20,18,1,4,-6,1022,1010,0.0
2015-03-30,13,-2,1017,70,16,26,-1,1,-4,1022,1012,0.0
2015-03-31,13,0,1014,82,17,26,1,3,-1,1017,1010,0.0
2015-04-01,20,7,1005,54,25,29,10,12,1,1010,999,10.67
2015-04-02,14,4,1010,86,26,19,9,11,-2,1015,1005,2.29
2015-04-03,6,-4,1024,76,24,11,1,2,-9,1028,1016,1.02
2015-04-04,10,-4,1023,70,16,19,0,-1,-7,1028,1016,0.0
2015-04-05,14,1,1011,86,28,22,7,8,-5,1016,1007,0.0
2015-04-06,12,10,1009,100,80,14,11,11,8,1012,1007,
2015-04-07,9,10,1011,100,86,12,7,11,6,1015,1008,0.76
2015-04-08,7,6,1011,100,86,9,6,8,5,1015,1005,0.51
2015-04-09,6,6,1007,100,76,8,3,8,2,1017,1002,3.56
2015-04-10,12,1,1020,70,28,20,4,3,-1,1022,1018,0.0
2015-04-11,14,3,1017,76,23,24,5,6,2,1021,1012,0.0
2015-04-12,17,10,1009,80,40,26,9,14,4,1015,1004,3.81
2015-04-13,13,-1,1022,70,20,21,5,3,-5,1025,1015,0.0
2015-04-14,13,0,1023,82,22,22,4,3,-2,1025,1019,0.0
2015-04-15,14,6,1016,77,41,18,9,9,-1,1019,1014,
2015-04-16,15,10,1017,86,49,23,7,12,7,1019,1016,
2015-04-17,18,12,1017,86,49,23,13,14,11,1020,1014,0.51
2015-04-18,17,14,1012,90,68,19,14,16,11,1014,1008,15.75
2015-04-19,11,8,1008,93,43,14,8,11,0,1009,1007,4.06
2015-04-20,10,-3,1010,76,19,16,4,1,-8,1012,1009,0.0
2015-04-21,12,-2,1011,62,22,21,3,2,-4,1015,1007,0.0
2015-04-22,6,-5,1018,75,24,14,-3,-1,-9,1021,1016,0.0
2015-04-23,9,-1,1016,92,28,20,-1,1,-3,1020,1012,0.0
2015-04-24,16,8,1006,86,43,19,13,13,1,1012,999,0.76
2015-04-25,12,9,1004,96,77,13,9,12,7,1012,996,6.86
2015-04-26,11,4,1016,86,36,18,4,7,2,1020,1013,0.0
2015-04-27,11,1,1022,89,26,20,1,4,-1,1023,1019,0.0
2015-04-28,12,4,1022,85,28,23,2,7,1,1024,1019,0.0
2015-04-29,13,4,1017,92,27,23,3,7,1,1019,1014,0.0
2015-04-30,14,2,1016,85,19,25,2,4,-1,1018,1015,0.0
2015-05-01,17,6,1017,67,35,24,10,11,1,1019,1014,0.25
2015-05-02,21,12,1012,87,34,29,13,14,8,1015,1006,1.78
2015-05-03,22,14,1008,78,45,29,16,19,11,1010,1006,7.62
2015-05-04,16,12,1016,90,72,18,13,14,10,1019,1011,3.3
2015-05-05,21,15,1016,97,49,26,15,17,12,1019,1013,1.02
2015-05-06,19,16,1008,93,73,22,16,17,14,1013,1004,75.18
2015-05-07,19,15,1008,97,53,24,14,17,11,1014,1005,95.76
2015-05-08,13,9,1017,83,67,16,11,11,8,1019,1014,0.0
2015-05-09,16,11,1016,89,67,21,11,16,7,1019,1010,0.0
2015-05-10,15,15,1008,100,52,22,8,17,3,1013,1006,22.86
2015-05-11,9,2,1016,76,50,13,6,3,0,1022,1012,0.0
2015-05-12,13,3,1024,76,31,21,6,6,1,1027,1022,0.0
2015-05-13,16,8,1021,93,38,22,8,12,6,1024,1019,11.68
2015-05-14,17,14,1013,100,66,21,12,16,11,1017,1012,10.67
2015-05-15,17,14,1012,100,61,23,12,17,11,1015,1009,23.88
2015-05-16,22,17,1007,97,54,27,16,18,14,1010,1004,1.27
2015-05-17,21,14,1006,97,35,28,14,16,10,1015,1001,6.1
2015-05-18,13,5,1025,86,43,18,7,12,2,1029,1016,0.0
2015-05-19,7,3,1027,89,61,11,3,6,1,1030,1022,2.29
2015-05-20,9,6,1024,93,68,12,7,7,4,1026,1022,0.51
2015-05-21,12,4,1025,100,31,22,3,6,2,1026,1022,0.0
2015-05-22,13,7,1023,86,48,18,8,9,4,1024,1022,0.0
2015-05-23,16,13,1020,93,57,17,13,16,7,1023,1015,2.29
2015-05-24,19,16,1011,100,73,22,16,17,15,1016,1008,4.83
2015-05-25,21,14,1008,100,53,27,15,17,12,1009,1006,
2015-05-26,19,14,1010,90,53,22,15,17,12,1014,1006,3.81
2015-05-27,19,10,1017,89,28,28,10,13,8,1018,1014,0.0
2015-05-28,21,17,1015,100,63,25,17,19,12,1017,1012,1.78
2015-05-29,20,15,1014,93,52,27,13,18,10,1019,1010,
2015-05-30,16,7,1021,83,33,22,9,9,4,1023,1020,
2015-05-31,14,8,1022,93,45,22,6,11,6,1023,1019,0.0
2015-06-01,19,11,1019,78,46,25,12,13,7,1021,1017,0.0
2015-06-02,21,14,1014,86,58,26,14,18,12,1017,1011,
2015-06-03,23,17,1012,100,51,28,17,19,16,1015,1008,21.84
2015-06-04,21,18,1014,93,73,23,18,19,17,1017,1011,18.8
2015-06-05,23,17,1017,100,51,29,16,18,16,1020,1016,0.0
2015-06-06,25,19,1013,93,57,31,19,22,18,1018,1006,8.13
2015-06-07,23,17,1008,84,40,30,16,21,12,1011,1006,0.76
2015-06-08,24,13,1012,93,24,32,15,16,9,1013,1010,0.0
2015-06-09,26,15,1009,84,24,36,16,18,12,1011,1005,0.0
2015-06-10,28,18,1006,84,31,37,19,21,17,1008,1003,51.31
2015-06-11,21,18,1006,100,81,24,17,21,16,1009,1004,25.4
2015-06-12,18,16,1012,100,73,20,16,16,14,1013,1009,
2015-06-13,21,17,1011,100,62,27,15,19,15,1013,1009,0.0
2015-06-14,23,20,1011,100,65,29,17,22,17,1013,1009,11.18
2015-06-15,21,18,1015,100,62,26,15,19,14,1021,1012,41.4
2015-06-16,20,14,1019,100,40,27,12,18,11,1022,1014,0.0
2015-06-17,25,17,1014,93,42,31,19,20,16,1015,1012,0.0
2015-06-18,21,17,1016,93,60,26,17,18,16,1019,1014,15.24
2015-06-19,22,16,1014,93,45,29,14,17,14,1018,1009,0.0
2015-06-20,28,20,1007,84,52,33,22,23,16,1009,1005,0.0
2015-06-21,25,20,1011,90,53,31,19,24,17,1015,1007,0.0
2015-06-22,26,20,1008,85,43,33,17,23,12,1016,1004,0.0
2015-06-23,20,13,1020,86,43,26,14,16,11,1022,1017,
2015-06-24,28,19,1014,87,42,36,19,24,15,1017,1009,0.0
2015-06-25,24,20,1014,100,67,28,20,22,18,1016,1012,0.0
2015-06-26,24,17,1016,90,40,29,18,19,13,1019,1014,
2015-06-27,23,15,1017,97,34,31,15,16,13,1020,1014,0.0
2015-06-28,26,14,1011,73,31,32,18,16,12,1013,1010,0.0
2015-06-29,24,16,1013,84,36,32,16,18,14,1014,1012,0.0
2015-06-30,25,18,1012,93,44,32,18,19,16,1014,1010,0.51
2015-07-01,26,19,1010,93,57,31,19,22,18,1014,1008,5.59
2015-07-02,22,18,1013,93,74,25,18,20,17,1015,1012,18.29
2015-07-03,22,17,1015,93,54,27,18,18,14,1016,1014,0.0
2015-07-04,22,16,1014,93,51,29,14,18,14,1016,1012,0.0
2015-07-05,27,21,1010,84,56,34,21,23,18,1013,1006,0.0
2015-07-06,23,20,1012,93,65,28,17,22,16,1018,1007,7.37
2015-07-07,18,11,1020,93,41,23,12,15,9,1021,1018,0.0
2015-07-08,19,12,1016,93,46,26,11,14,11,1019,1014,0.0
2015-07-09,21,15,1016,97,45,28,14,17,13,1017,1014,0.0
2015-07-10,23,19,1016,93,67,28,17,21,16,1017,1014,0.25
2015-07-11,28,22,1013,93,50,34,22,23,19,1015,1011,0.0
2015-07-12,29,24,1010,93,56,35,23,26,22,1011,1008,0.0
2015-07-13,29,21,1007,94,35,36,22,24,16,1008,1006,0.0
2015-07-14,28,19,1009,93,33,37,18,22,16,1011,1007,0.0
2015-07-15,26,22,1011,87,61,29,23,23,19,1013,1009,1.27
2015-07-16,28,22,1008,100,52,33,22,23,20,1010,1006,14.22
2015-07-17,28,22,1006,93,45,37,20,25,19,1008,1004,0.0
2015-07-18,27,20,1010,87,52,32,21,23,17,1013,1008,0.76
2015-07-19,27,21,1013,93,57,30,23,22,18,1015,1011,0.0
2015-07-20,25,19,1012,93,44,32,17,22,16,1015,1010,
2015-07-21,22,15,1015,97,40,29,15,17,14,1017,1013,0.0
2015-07-22,22,16,1013,93,40,29,15,17,14,1014,1011,0.0
2015-07-23,26,21,1012,87,56,34,18,23,17,1014,1011,0.0
2015-07-24,30,22,1011,88,48,38,22,26,18,1013,1010,8.89
2015-07-25,26,20,1014,93,61,29,22,22,16,1019,1011,3.05
2015-07-26,28,23,1011,94,60,34,22,26,21,1013,1009,0.51
2015-07-27,29,23,1010,94,49,33,24,26,21,1011,1008,0.0
2015-07-28,27,22,1010,91,52,34,19,24,17,1016,1006,0.51
2015-07-29,23,13,1020,100,25,31,15,17,7,1022,1017,0.0
2015-07-30,24,14,1021,90,26,33,15,18,11,1022,1019,0.0
2015-07-31,27,19,1019,87,43,34,18,22,14,1021,1015,
2015-08-01,24,17,1015,93,35,32,17,20,13,1018,1011,
2015-08-02,29,21,1010,93,46,36,22,24,16,1012,1007,0.0
2015-08-03,25,17,1013,93,51,30,19,20,16,1016,1011,
2015-08-04,26,19,1014,93,50,32,19,22,17,1017,1011,4.32
2015-08-05,25,21,1014,97,65,28,21,21,20,1016,1013,
2015-08-06,23,19,1012,100,67,28,17,21,18,1015,1009,0.76
2015-08-07,27,19,1011,97,36,34,19,21,16,1012,1009,
2015-08-08,26,21,1011,97,55,31,21,24,17,1016,1009,9.14
2015-08-09,28,23,1011,91,63,32,23,24,21,1013,1008,0.0
2015-08-10,23,19,1016,93,48,29,17,23,16,1020,1013,0.0
2015-08-11,23,16,1022,93,40,31,14,17,14,1024,1021,0.0
2015-08-12,23,16,1022,100,39,31,15,18,15,1024,1019,0.0
2015-08-13,24,17,1018,93,41,32,17,18,16,1020,1016,0.0
2015-08-14,27,18,1019,84,38,33,20,20,17,1020,1017,0.0
2015-08-15,26,18,1018,93,38,33,18,19,17,1020,1015,0.0
2015-08-16,28,18,1014,79,41,34,21,20,17,1016,1013,0.0
2015-08-17,23,20,1014,97,79,26,20,21,19,1017,1012,43.69
2015-08-18,19,17,1009,97,57,24,13,20,10,1013,1005,9.14
2015-08-19,18,11,1012,84,36,25,12,14,8,1013,1010,2.03
2015-08-20,21,12,1013,93,34,29,11,14,11,1014,1011,0.0
2015-08-21,24,15,1011,84,48,30,18,19,11,1013,1009,0.0
2015-08-22,26,19,1010,90,47,33,18,24,14,1016,1006,0.25
2015-08-23,17,7,1020,89,33,24,10,11,6,1022,1017,0.0
2015-08-24,18,10,1021,93,30,28,8,13,7,1023,1019,0.0
2015-08-25,19,13,1021,96,45,28,11,16,10,1023,1019,0.0
2015-08-26,21,15,1020,93,44,29,13,18,12,1022,1017,0.0
2015-08-27,25,18,1013,87,55,31,19,21,16,1017,1009,7.87
2015-08-28,22,19,1011,90,62,27,18,21,16,1015,1008,18.8
2015-08-29,20,16,1017,100,68,23,16,17,15,1019,1015,
2015-08-30,21,17,1016,93,67,26,17,19,16,1019,1014,0.0
2015-08-31,24,18,1013,100,51,31,17,21,17,1014,1011,0.0
2015-09-01,27,19,1012,90,44,34,21,21,18,1013,1010,0.0
2015-09-02,28,20,1010,90,44,34,21,21,19,1012,1008,
2015-09-03,29,19,1009,79,39,35,23,21,18,1010,1007,0.0
2015-09-04,28,19,1010,87,44,33,22,22,18,1012,1009,1.02
2015-09-05,29,21,1011,82,46,34,24,22,20,1012,1010,0.0
2015-09-06,29,22,1010,93,42,37,22,24,21,1013,1008,16.0
2015-09-07,23,22,1013,100,74,28,19,23,17,1015,1010,30.23
2015-09-08,22,18,1013,100,58,27,18,19,17,1015,1010,9.91
2015-09-09,22,17,1015,100,54,28,15,20,14,1018,1012,7.62
2015-09-10,22,17,1014,90,49,29,14,18,14,1017,1013,4.06
2015-09-11,16,11,1022,93,44,21,10,13,8,1025,1018,0.0
2015-09-12,16,9,1021,93,44,22,9,10,8,1023,1018,0.0
2015-09-13,19,12,1012,89,48,27,11,16,9,1017,1008,0.0
2015-09-14,22,16,1008,90,51,29,16,18,14,1010,1007,0.0
2015-09-15,26,15,1009,73,34,32,20,18,13,1012,1007,0.0
2015-09-16,26,19,1011,90,46,32,21,22,17,1013,1007,0.0
2015-09-17,24,19,1007,84,51,33,16,21,13,1012,1005,
2015-09-18,16,12,1013,89,53,21,12,14,10,1019,1011,10.92
2015-09-19,15,10,1020,96,47,21,9,11,8,1023,1019,0.0
2015-09-20,18,11,1017,89,42,26,11,13,9,1020,1014,0.0
2015-09-21,22,17,1014,100,55,28,15,19,13,1016,1012,0.0
2015-09-22,23,19,1016,100,58,29,17,21,16,1018,1014,0.76
2015-09-23,22,19,1018,93,82,24,20,21,18,1020,1016,6.6
2015-09-24,22,18,1017,100,60,26,18,19,16,1019,1015,11.18
2015-09-25,21,18,1020,100,60,26,15,19,13,1022,1018,6.6
2015-09-26,19,13,1020,100,42,27,11,15,9,1023,1017,0.0
2015-09-27,21,13,1014,93,37,29,13,15,12,1017,1011,0.0
2015-09-28,23,16,1012,90,36,31,14,17,14,1014,1010,
2015-09-29,16,12,1019,93,40,22,9,18,7,1022,1014,20.32
2015-09-30,14,7,1023,93,37,21,7,8,5,1025,1022,0.0
2015-10-01,13,6,1026,86,44,19,7,8,5,1028,1024,0.0
2015-10-02,12,6,1026,86,44,18,6,7,4,1029,1022,0.0
2015-10-03,11,4,1021,89,39,17,4,6,3,1023,1019,0.0
2015-10-04,13,6,1022,89,44,20,6,8,5,1025,1021,0.0
2015-10-05,13,10,1023,93,72,16,9,12,8,1025,1021,0.0
2015-10-06,19,12,1021,93,39,26,12,13,10,1023,1020,0.0
2015-10-07,21,14,1020,90,50,26,16,16,13,1022,1017,0.0
2015-10-08,21,12,1017,90,31,28,13,15,7,1022,1015,
2015-10-09,14,7,1026,93,42,19,8,12,5,1029,1022,0.0
2015-10-10,17,9,1018,89,39,27,6,13,5,1024,1011,0.0
2015-10-11,24,12,1004,93,23,34,13,15,7,1010,999,0.0
2015-10-12,16,1,1010,55,15,25,7,7,-3,1013,1007,0.0
2015-10-13,17,2,1014,76,17,29,4,5,1,1016,1011,0.0
2015-10-14,14,3,1019,76,25,23,6,6,2,1021,1016,0.0
2015-10-15,13,2,1023,86,22,22,4,7,-2,1031,1018,0.0
2015-10-16,8,-1,1032,82,27,17,0,1,-2,1035,1030,0.0
2015-10-17,11,-1,1030,67,30,17,6,1,-2,1033,1028,0.0
2015-10-18,16,3,1022,65,29,25,7,7,1,1027,1016,0.0
2015-10-19,22,6,1012,47,29,28,16,9,2,1016,1009,0.0
2015-10-20,21,9,1011,73,36,28,13,13,6,1012,1009,0.0
2015-10-21,18,11,1019,80,52,22,14,13,8,1023,1012,0.51
2015-10-22,16,9,1021,83,60,19,12,13,8,1024,1014,2.29
2015-10-23,18,14,1010,93,57,23,12,17,8,1015,1006,3.3
2015-10-24,11,4,1019,80,30,18,3,9,-1,1025,1014,
2015-10-25,9,1,1026,92,29,19,-1,4,-1,1029,1024,0.0
2015-10-26,10,2,1023,82,34,17,3,6,1,1025,1019,0.0
2015-10-27,10,6,1013,93,50,14,5,9,2,1019,1008,
2015-10-28,8,1,1009,93,30,14,2,9,-6,1011,1006,0.0
2015-10-29,6,-2,1015,82,41,13,-2,0,-5,1018,1011,0.0
2015-10-30,4,1,1015,92,38,12,-3,6,-4,1018,1010,5.84
2015-10-31,12,7,1008,100,52,18,6,8,5,1011,1007,0.76
2015-11-01,15,6,1010,93,29,26,4,8,4,1012,1008,0.0
2015-11-02,18,6,1011,77,23,27,9,8,4,1012,1009,0.0
2015-11-03,16,11,1010,100,40,26,7,13,3,1012,1008,0.0
2015-11-04,18,14,1010,93,57,23,14,14,13,1012,1008,0.0
2015-11-05,13,9,1009,90,48,19,6,15,2,1016,1005,
2015-11-06,8,0,1023,96,33,14,1,2,-2,1028,1017,0.0
2015-11-07,6,-2,1030,92,25,15,-3,2,-6,1032,1028,0.0
2015-11-08,8,-1,1024,82,34,17,-2,2,-4,1028,1021,0.0
2015-11-09,9,0,1019,76,34,18,1,2,-3,1021,1016,0.0
2015-11-10,9,3,1012,92,54,16,2,7,-1,1016,1008,0.0
2015-11-11,6,4,1000,100,76,9,2,8,1,1009,992,7.37
2015-11-12,8,-2,1019,76,29,13,2,1,-5,1025,1010,0.0
2015-11-13,7,-3,1024,82,26,16,-3,0,-6,1027,1021,0.0
2015-11-14,9,1,1020,92,29,20,-2,3,-3,1022,1018,0.0
2015-11-15,10,5,1015,77,46,17,2,9,-1,1020,1009,0.0
2015-11-16,13,12,1004,100,66,15,11,14,7,1009,1001,1.27
2015-11-17,11,9,998,100,86,16,6,15,4,1002,993,24.13
2015-11-18,7,2,997,93,53,11,2,5,-5,1014,991,0.76
2015-11-19,4,-8,1022,63,23,10,-1,-4,-11,1024,1015,0.0
2015-11-20,6,-2,1019,92,42,11,-1,3,-4,1026,1011,1.52
2015-11-21,-1,-6,1028,92,44,2,-4,-3,-9,1032,1022,0.0
2015-11-22,3,-6,1018,81,28,12,-6,-2,-8,1022,1014,0.0
2015-11-23,7,-2,1020,85,29,16,-3,-1,-5,1022,1018,0.0
2015-11-24,8,1,1014,82,43,15,1,4,-3,1018,1011,0.0
2015-11-25,10,4,1013,85,59,16,3,9,1,1019,1010,0.0
2015-11-26,0,-2,1025,100,75,3,-4,2,-7,1032,1019,6.6
2015-11-27,-5,-8,1036,84,74,-4,-6,-7,-9,1038,1033,
2015-11-28,-2,-7,1032,81,63,-1,-4,-5,-8,1035,1030,
2015-11-29,0,-2,1026,92,72,1,-1,-1,-4,1031,1022,0.76
2015-11-30,-1,-1,1015,96,89,1,-3,1,-6,1022,1010,7.87
2015-12-01,-2,-4,1010,88,69,1,-5,-3,-7,1013,1008,
2015-12-02,0,-3,1018,88,54,6,-6,-1,-8,1025,1012,0.0
2015-12-03,2,-4,1028,91,42,10,-7,-1,-9,1029,1025,0.0
2015-12-04,4,0,1028,92,50,13,-4,3,-5,1030,1026,0.0
2015-12-05,8,3,1025,85,59,12,4,4,2,1027,1022,0.0
2015-12-06,5,-1,1027,92,41,12,-3,2,-3,1029,1025,0.0
2015-12-07,6,-1,1018,92,38,13,-3,0,-4,1024,1013,0.0
2015-12-08,8,1,1008,82,36,16,0,3,-2,1012,1006,0.0
2015-12-09,8,2,1007,96,39,17,-1,5,-2,1012,999,0.0
2015-12-10,9,-1,1004,64,20,17,2,4,-6,1007,998,0.0
2015-12-11,6,1,1004,85,54,13,-1,3,-2,1011,1001,0.0
2015-12-12,3,2,1011,100,73,6,0,4,-1,1014,1008,19.56
2015-12-13,4,3,1001,100,92,5,3,4,2,1008,993,40.13
2015-12-14,2,1,999,100,85,3,1,2,0,1009,991,17.78
2015-12-15,4,2,1004,100,76,7,2,6,-1,1010,996,
2015-12-16,1,-5,1006,92,56,3,-2,1,-8,1015,995,0.0
2015-12-17,-2,-8,1020,75,40,2,-7,-6,-11,1023,1015,0.0
2015-12-18,-2,-10,1023,77,35,3,-8,-9,-12,1027,1020,0.0
2015-12-19,1,-4,1023,88,50,10,-9,0,-11,1027,1015,0.0
2015-12-20,6,2,1008,85,63,12,-1,6,-3,1013,1004,0.0
2015-12-21,-3,-5,1012,92,78,-1,-6,-3,-7,1016,1008,0.0
2015-12-22,1,-1,1001,96,60,9,-7,2,-8,1010,994,
2015-12-23,1,1,994,93,70,6,-4,4,-5,1006,990,24.64
2015-12-24,-2,-3,1013,100,75,1,-6,-2,-6,1022,1006,6.6
2015-12-25,-4,-5,1021,96,84,1,-9,-1,-11,1025,1016,0.51
2015-12-26,-2,-1,1022,100,81,1,-4,1,-7,1031,1015,0.25
2015-12-27,-7,-12,1033,92,67,-4,-11,-7,-15,1036,1030,0.0
2015-12-28,-8,-11,1016,88,70,-7,-11,-9,-14,1028,1010,2.03
2015-12-29,-4,-8,1021,88,63,-1,-7,-7,-11,1025,1015,
2015-12-30,-3,-7,1026,88,63,-1,-6,-6,-10,1029,1023,0.76
2015-12-31,-8,-11,1030,91,53,-2,-14,-7,-16,1032,1027,0.0
2016-01-01,-2,-8,1029,81,48,3,-7,-6,-11,1032,1027,0.0
2016-01-02,-3,-8,1025,84,48,4,-10,-5,-12,1027,1023,0.0
2016-01-03,-4,-8,1030,92,63,1,-9,-6,-11,1034,1025,0.0
2016-01-04,-5,-8,1032,92,75,-2,-8,-6,-9,1035,1028,0.0
2016-01-05,-1,-4,1023,92,59,5,-6,-2,-7,1028,1019,0.0
2016-01-06,1,-1,1016,100,75,2,0,1,-3,1019,1013,
2016-01-07,1,1,1010,100,92,2,1,2,0,1014,1008,11.18
2016-01-08,-1,-2,1012,96,81,1,-4,0,-7,1019,1007,1.78
2016-01-09,-11,-16,1024,77,61,-4,-18,-7,-22,1029,1017,
2016-01-10,-13,-17,1025,88,61,-7,-19,-11,-23,1030,1018,0.0
2016-01-11,-3,-6,1015,88,59,2,-9,-2,-10,1017,1014,
2016-01-12,-5,-12,1024,80,62,2,-13,-5,-17,1029,1017,0.0
2016-01-13,1,-4,1014,88,49,8,-7,-1,-9,1020,1006,0.0
2016-01-14,6,-2,1001,82,38,12,-1,0,-3,1006,997,0.0
2016-01-15,-3,-7,1009,82,55,3,-9,-1,-13,1017,1001,0.0
2016-01-16,-6,-12,1020,81,56,1,-13,-4,-17,1024,1016,1.02
2016-01-17,-17,-21,1030,80,57,-12,-23,-17,-26,1032,1023,
2016-01-18,-13,-17,1030,87,61,-6,-22,-12,-25,1032,1027,0.0
2016-01-19,-6,-9,1026,84,67,-4,-7,-8,-12,1029,1024,2.03
2016-01-20,-3,-6,1022,92,78,-1,-6,-4,-8,1025,1019,0.0
2016-01-21,-3,-7,1026,88,75,-1,-6,-6,-8,1030,1021,
2016-01-22,-4,-7,1030,92,68,-3,-6,-4,-8,1032,1027,0.0
2016-01-23,-3,-6,1020,92,78,-1,-6,-4,-7,1028,1015,0.0
2016-01-24,-1,-4,1009,92,64,4,-7,-2,-8,1014,1006,0.0
2016-01-25,-1,-3,1011,92,72,0,-3,-1,-6,1022,1004,5.08
2016-01-26,-3,-6,1025,92,61,2,-8,-4,-9,1027,1022,0.0
2016-01-27,-3,-5,1021,96,64,5,-11,0,-12,1026,1016,0.0
2016-01-28,2,-2,1015,89,58,7,-3,-1,-4,1017,1014,0.0
2016-01-29,4,-1,1008,92,56,11,-2,3,-3,1013,1004,0.0
2016-01-30,4,0,1004,92,59,12,-3,4,-4,1007,1001,0.0
2016-01-31,4,-1,1010,85,38,11,-2,2,-4,1016,1003,0.0
2016-02-01,0,-3,1016,92,60,6,-6,1,-7,1019,1010,0.25
2016-02-02,0,-1,1000,100,85,2,-3,1,-5,1011,995,17.27
2016-02-03,-7,-9,1019,84,62,-3,-12,-6,-14,1026,1008,0.0
2016-02-04,-7,-12,1027,91,57,-1,-14,-7,-15,1030,1025,0.0
2016-02-05,-5,-5,1027,92,80,2,-12,-1,-13,1030,1024,1.52
2016-02-06,-3,-6,1023,96,47,3,-9,-1,-10,1027,1015,0.0
2016-02-07,2,-4,1018,78,43,7,-3,-2,-7,1019,1015,
2016-02-08,0,-7,1021,78,51,2,-2,-4,-8,1023,1017,
2016-02-09,-4,-12,1026,71,50,-1,-8,-8,-14,1028,1022,0.0
2016-02-10,0,-6,1018,88,60,6,-6,-2,-9,1024,1013,0.0
2016-02-11,-5,-7,1025,91,74,-1,-9,-4,-11,1028,1023,0.0
2016-02-12,-6,-8,1033,85,60,-2,-9,-4,-16,1040,1024,0.0
2016-02-13,-8,-15,1032,67,51,-6,-10,-14,-16,1039,1022,0.0
2016-02-14,-1,-6,1014,89,56,6,-8,1,-14,1021,1011,
2016-02-15,2,-1,1009,92,60,8,-4,2,-4,1013,1005,
2016-02-16,3,1,1014,89,67,6,1,2,-1,1019,1005,
2016-02-17,6,0,1019,92,51,13,-2,3,-3,1021,1016,0.0
2016-02-18,13,5,1004,76,44,21,4,9,0,1015,994,0.0
2016-02-19,14,-1,1009,72,20,20,8,8,-4,1013,993,0.0
2016-02-20,7,0,1016,85,40,15,-1,3,-4,1021,1013,0.0
2016-02-21,7,1,1024,96,41,13,-1,3,0,1026,1020,0.0
2016-02-22,5,1,1021,85,62,7,3,2,-1,1025,1017,0.0
2016-02-23,4,-2,1019,92,34,11,-3,0,-6,1021,1017,
2016-02-24,2,-3,1019,89,40,8,-4,0,-6,1021,1017,
2016-02-25,-1,-4,1027,89,52,3,-4,-1,-7,1030,1020,0.25
2016-02-26,4,-6,1023,92,30,14,-6,-4,-8,1029,1020,0.0
2016-02-27,11,-3,1010,85,18,25,-3,0,-6,1019,1001,0.0
2016-02-28,8,0,1009,72,35,15,0,4,-4,1017,1000,0.0
2016-02-29,9,-3,1013,78,28,19,-2,1,-8,1017,1008,0.0
2016-03-01,-2,-8,1022,81,51,1,-6,-8,-9,1025,1018,0.0
2016-03-02,4,-4,1013,84,29,17,-8,-1,-10,1022,1007,0.0
2016-03-03,2,-3,1019,84,49,9,-4,-2,-6,1023,1013,
2016-03-04,5,-2,1019,96,35,16,-6,1,-7,1022,1015,0.0
2016-03-05,7,-2,1022,92,28,19,-5,1,-6,1025,1018,0.0
2016-03-06,17,4,1007,62,38,26,7,11,-3,1017,1001,0.0
2016-03-07,19,12,999,84,40,27,11,14,7,1001,997,0.0
2016-03-08,11,7,1006,87,40,18,4,14,2,1012,1001,0.0
2016-03-09,8,1,1015,100,36,17,-2,3,-2,1018,1012,0.0
2016-03-10,12,3,1020,89,33,22,1,5,-1,1022,1018,0.0
2016-03-11,13,2,1022,79,23,23,3,2,0,1024,1020,0.0
2016-03-12,7,9,1013,93,61,13,1,12,-1,1019,1009,1.52
2016-03-13,14,12,1007,100,67,18,9,13,9,1009,1004,0.25
2016-03-14,16,8,1002,100,26,26,6,11,4,1004,999,12.95
2016-03-15,11,7,1004,100,47,16,6,11,2,1011,1000,
2016-03-16,8,-2,1014,76,21,16,1,2,-7,1016,1011,
2016-03-17,7,-4,1016,78,21,15,-2,-2,-8,1020,1015,0.0
2016-03-18,4,-7,1024,69,26,9,-1,-5,-9,1026,1021,0.0
2016-03-19,3,-6,1026,78,48,7,-2,1,-8,1029,1024,
2016-03-20,3,-6,1029,88,29,9,-4,-3,-8,1032,1025,0.0
2016-03-21,9,-3,1014,75,22,21,-3,2,-7,1024,1004,0.0
2016-03-22,15,3,1000,54,37,19,11,4,1,1003,998,0.0
2016-03-23,9,4,998,89,51,16,1,8,-1,1005,995,
2016-03-24,2,-4,1012,96,28,9,-4,0,-9,1017,1006,
2016-03-25,5,-4,1013,81,28,16,-6,-2,-9,1016,1010,
2016-03-26,6,1,1015,96,44,11,0,6,-3,1022,1011,8.38
2016-03-27,6,-6,1021,78,22,12,-2,-3,-9,1022,1019,0.0
2016-03-28,8,-3,1017,81,18,21,-5,0,-7,1020,1014,0.0
2016-03-29,14,-1,1013,50,24,19,8,2,-3,1017,1006,0.0
2016-03-30,18,8,999,86,36,27,9,14,1,1005,995,0.25
2016-03-31,9,4,1003,93,43,14,5,8,-2,1009,999,0.25
2016-04-01,2,0,1015,85,53,7,-3,2,-4,1021,1009,0.76
2016-04-02,7,-2,1018,81,29,17,-3,1,-7,1020,1015,0.0
2016-04-03,16,0,1010,76,12,29,2,3,-3,1016,1005,
2016-04-04,9,-1,1023,76,28,17,2,2,-3,1026,1015,0.0
2016-04-05,17,2,1014,64,25,26,7,9,-3,1024,1006,0.25
2016-04-06,12,1,1010,66,27,18,5,7,-2,1013,1007,0.0
2016-04-07,8,-2,1015,64,22,16,1,2,-6,1021,1012,0.0
2016-04-08,7,-4,1022,78,25,16,-2,-2,-9,1023,1021,0.0
2016-04-09,7,-8,1017,63,20,17,-3,2,-12,1025,1004,0.0
2016-04-10,13,4,1006,77,22,21,6,10,-2,1014,1002,0.0
2016-04-11,7,-6,1022,65,22,14,-1,2,-10,1026,1016,0.0
2016-04-12,8,-5,1024,74,21,21,-5,-2,-9,1028,1020,0.0
2016-04-13,15,1,1017,64,21,26,4,5,-3,1020,1015,0.0
2016-04-14,17,6,1015,93,25,25,9,10,3,1019,1012,0.0
2016-04-15,18,8,1012,80,30,27,8,10,5,1013,1010,0.0
2016-04-16,19,12,1016,78,49,23,15,13,11,1018,1013,0.0
2016-04-17,19,13,1021,100,57,22,16,16,12,1022,1018,6.35
2016-04-18,13,11,1021,100,72,16,9,16,7,1024,1020,18.54
2016-04-19,13,8,1023,93,55,17,9,9,7,1024,1019,
2016-04-20,13,9,1013,96,55,16,11,10,7,1018,1011,31.24
2016-04-21,17,10,1012,96,41,22,11,11,8,1017,1009,0.76
2016-04-22,14,6,1020,92,35,21,6,9,4,1022,1018,0.0
2016-04-23,18,10,1012,93,33,28,8,13,8,1019,1006,0.0
2016-04-24,21,12,1001,80,45,28,13,16,10,1006,998,1.02
2016-04-25,18,8,1004,86,33,25,11,12,6,1007,1002,0.0
2016-04-26,19,12,1005,90,49,26,11,16,8,1008,1002,15.49
2016-04-27,13,10,999,100,60,18,8,14,6,1003,994,17.02
2016-04-28,10,6,1013,86,63,12,8,8,4,1021,1004,
2016-04-29,8,5,1017,86,71,9,7,6,3,1021,1012,0.51
2016-04-30,10,8,1008,96,86,12,8,10,6,1012,1006,19.05
2016-05-01,9,6,1019,100,74,11,7,9,5,1023,1012,1.52
2016-05-02,14,4,1020,80,34,19,9,6,2,1023,1018,0.0
2016-05-03,13,5,1016,96,29,22,4,8,3,1019,1012,0.0
2016-05-04,16,3,1016,71,24,23,8,7,0,1019,1012,0.0
2016-05-05,16,4,1017,89,21,27,4,7,2,1020,1015,0.0
2016-05-06,22,6,1013,61,18,32,12,9,3,1016,1010,0.0
2016-05-07,19,9,1011,77,34,25,14,12,2,1013,1010,0.0
2016-05-08,19,10,1007,78,36,26,12,16,2,1012,1004,17.78
2016-05-09,17,13,1002,100,68,22,11,17,10,1006,999,17.53
2016-05-10,17,12,1008,100,48,26,8,16,8,1014,1003,6.6
2016-05-11,18,11,1015,90,41,23,12,16,6,1021,1010,9.14
2016-05-12,16,4,1022,71,27,22,10,7,2,1023,1020,0.0
2016-05-13,16,5,1019,86,40,25,7,11,-3,1025,1014,0.0
2016-05-14,10,-2,1026,65,27,16,3,1,-3,1029,1023,0.0
2016-05-15,11,1,1022,85,25,18,3,5,-3,1025,1020,0.0
2016-05-16,11,8,1020,93,71,12,9,10,6,1022,1019,7.11
2016-05-17,14,8,1023,100,42,21,7,10,6,1025,1021,0.0
2016-05-18,14,6,1023,92,27,23,4,11,3,1025,1020,0.0
2016-05-19,16,8,1019,89,39,21,9,10,6,1021,1015,0.0
2016-05-20,15,11,1018,86,63,18,12,12,8,1019,1016,
2016-05-21,18,9,1020,83,38,24,11,10,8,1022,1018,0.0
2016-05-22,22,14,1013,69,47,29,16,17,9,1018,1007,0.0
2016-05-23,21,17,1009,90,64,26,15,20,14,1012,1007,23.37
2016-05-24,22,16,1011,97,49,28,15,17,14,1013,1009,
2016-05-25,22,17,1010,90,58,26,17,20,13,1012,1004,7.37
2016-05-26,21,16,1009,93,51,28,13,21,12,1012,1005,16.51
2016-05-27,21,16,1006,90,58,25,16,18,14,1009,1004,30.73
2016-05-28,19,13,1009,93,50,25,13,14,13,1015,1005,0.0
2016-05-29,22,14,1016,93,32,31,13,17,12,1019,1014,0.0
2016-05-30,23,16,1013,93,34,31,15,18,13,1016,1009,
2016-05-31,22,13,1013,78,40,26,18,16,9,1015,1010,
2016-06-01,21,9,1016,78,30,27,14,12,7,1018,1014,0.0
2016-06-02,22,11,1017,86,25,31,12,13,8,1019,1015,0.0
2016-06-03,23,13,1013,93,26,32,14,19,9,1016,1010,1.78
2016-06-04,22,12,1014,93,28,29,16,17,8,1015,1013,0.0
2016-06-05,24,9,1013,73,21,31,16,13,6,1015,1010,0.0
2016-06-06,22,9,1012,80,23,31,14,14,6,1015,1011,0.0
2016-06-07,19,9,1015,77,35,27,11,12,8,1017,1012,0.0
2016-06-08,24,15,1010,78,34,33,16,18,11,1013,1007,0.0
2016-06-09,29,17,1007,69,33,36,22,18,14,1009,1006,0.0
2016-06-10,30,19,1010,69,38,36,23,20,17,1011,1008,0.0
2016-06-11,31,19,1012,74,38,36,24,20,18,1014,1011,0.0
2016-06-12,29,19,1014,84,36,35,22,21,18,1015,1013,0.0
2016-06-13,28,21,1011,90,47,33,22,22,19,1014,1008,
2016-06-14,28,19,1005,93,33,34,21,22,15,1008,1003,0.0
2016-06-15,28,15,1008,84,19,38,17,17,11,1009,1005,0.0
2016-06-16,28,19,1009,84,39,37,20,22,16,1011,1007,0.0
2016-06-17,32,23,1012,79,45,38,26,24,22,1014,1010,0.0
2016-06-18,26,19,1020,97,50,32,20,21,16,1023,1016,12.7
2016-06-19,27,21,1018,90,46,34,20,22,19,1020,1015,0.0
2016-06-20,24,18,1020,81,43,29,19,23,12,1022,1017,0.0
2016-06-21,28,18,1014,87,35,37,19,22,16,1021,1006,0.0
2016-06-22,27,18,1006,69,41,34,21,22,14,1012,1003,0.0
2016-06-23,23,15,1016,84,43,29,17,17,13,1018,1013,0.0
2016-06-24,26,19,1013,93,41,34,17,22,16,1016,1010,0.0
2016-06-25,29,21,1011,79,44,34,24,23,19,1014,1009,0.25
2016-06-26,27,18,1017,90,30,34,20,21,13,1019,1015,0.0
2016-06-27,28,19,1020,93,38,34,22,23,17,1022,1018,0.0
2016-06-28,25,15,1021,81,37,31,19,16,13,1023,1018,0.0
2016-06-29,27,18,1016,79,38,33,22,20,15,1019,1013,
2016-06-30,26,18,1014,90,36,33,19,20,14,1017,1012,0.0
2016-07-01,21,12,1020,86,30,27,14,16,7,1022,1018,
2016-07-02,19,16,1016,100,57,22,17,18,13,1018,1015,22.35
2016-07-03,18,16,1014,97,76,21,16,17,15,1015,1013,0.0
2016-07-04,23,18,1011,93,62,28,18,21,17,1014,1009,0.0
2016-07-05,28,22,1007,100,51,36,21,24,18,1010,1005,0.0
2016-07-06,27,21,1007,84,56,34,20,25,18,1009,1005,
2016-07-07,25,19,1009,93,52,32,18,23,16,1013,1004,59.44
2016-07-08,26,18,1014,97,36,32,19,21,14,1016,1012,0.0
2016-07-09,27,21,1015,90,59,33,21,24,18,1017,1012,1.78
2016-07-10,29,23,1009,91,52,34,24,24,21,1012,1005,0.0
2016-07-11,28,22,1003,79,52,34,22,24,21,1005,1001,18.54
2016-07-12,25,19,1009,93,45,31,19,23,14,1012,1005,0.0
2016-07-13,27,19,1010,93,37,33,20,22,15,1014,1008,
2016-07-14,24,17,1015,93,38,32,17,19,16,1017,1013,0.0
2016-07-15,19,16,1019,97,68,23,16,18,14,1022,1017,4.06
2016-07-16,23,19,1015,97,55,31,15,22,14,1019,1010,0.0
2016-07-17,28,22,1012,87,55,33,24,23,21,1016,1009,0.76
2016-07-18,27,21,1019,93,59,31,22,24,18,1022,1015,0.0
2016-07-19,28,23,1018,88,56,33,23,24,22,1020,1015,0.0
2016-07-20,29,23,1015,93,48,36,23,24,22,1016,1012,0.0
2016-07-21,32,23,1012,79,48,37,26,25,21,1013,1011,0.0
2016-07-22,31,22,1012,79,49,36,25,25,21,1013,1011,0.0
2016-07-23,29,22,1009,79,52,34,24,24,22,1011,1006,0.0
2016-07-24,25,20,1013,90,51,31,19,23,17,1017,1009,0.0
2016-07-25,25,17,1018,93,36,32,18,18,14,1020,1016,0.0
2016-07-26,24,18,1017,100,43,32,17,20,16,1019,1015,0.0
2016-07-27,26,19,1014,84,45,32,21,21,17,1016,1011,
2016-07-28,25,18,1015,93,45,31,19,20,17,1017,1014,
2016-07-29,24,18,1017,93,43,28,19,19,14,1019,1015,3.56
2016-07-30,22,18,1015,97,62,27,16,20,15,1017,1013,0.76
2016-07-31,26,21,1012,90,57,30,21,22,19,1016,1010,7.37
2016-08-01,27,21,1012,93,53,31,23,23,19,1015,1008,0.0
2016-08-02,25,21,1016,95,60,30,20,23,19,1019,1013,23.88
2016-08-03,25,23,1015,96,67,30,20,24,19,1017,1011,0.0
2016-08-04,26,22,1012,95,58,32,20,26,16,1015,1010,0.51
2016-08-05,22,17,1017,93,54,26,18,18,16,1019,1015,0.51
2016-08-06,23,17,1018,93,54,27,19,18,16,1020,1016,
2016-08-07,23,17,1017,87,54,26,19,18,16,1019,1015,0.51
2016-08-08,22,19,1014,100,62,27,16,21,16,1016,1011,0.0
2016-08-09,27,23,1012,100,59,33,21,25,20,1013,1011,0.0
2016-08-10,29,23,1012,94,52,34,24,24,22,1013,1009,0.0
2016-08-11,29,23,1009,79,48,36,22,25,22,1011,1006,18.54
2016-08-12,24,20,1012,100,51,29,19,22,17,1015,1009,7.87
2016-08-13,24,17,1016,93,43,31,16,18,16,1017,1014,0.0
2016-08-14,24,16,1017,93,32,31,17,18,12,1019,1017,0.0
2016-08-15,23,17,1016,97,44,30,16,19,15,1018,1015,0.0
2016-08-16,26,19,1016,87,47,33,19,21,16,1019,1014,0.0
2016-08-17,26,21,1016,93,49,33,18,24,17,1018,1014,0.0
2016-08-18,28,20,1013,90,41,34,22,22,19,1015,1010,
2016-08-19,24,20,1010,100,65,28,19,22,18,1012,1008,6.1
2016-08-20,19,12,1013,84,46,24,14,16,11,1015,1011,0.0
2016-08-21,19,12,1016,89,35,28,11,14,10,1019,1015,0.0
2016-08-22,23,14,1015,84,37,31,16,16,13,1016,1013,0.0
2016-08-23,26,21,1011,90,56,33,19,23,17,1014,1007,4.32
2016-08-24,22,17,1015,93,47,28,15,19,15,1018,1011,1.27
2016-08-25,20,14,1020,93,52,26,14,17,13,1021,1018,0.25
2016-08-26,18,17,1019,93,73,21,14,18,13,1021,1016,
2016-08-27,24,18,1016,100,48,30,19,19,17,1017,1014,0.0
2016-08-28,26,19,1017,93,47,34,17,22,16,1020,1016,0.0
2016-08-29,26,21,1021,100,59,32,20,23,19,1024,1019,11.68
2016-08-30,24,21,1022,97,69,28,21,21,19,1024,1020,1.78
2016-08-31,22,18,1021,97,47,28,15,21,14,1022,1020,0.0
2016-09-01,21,14,1022,100,42,27,13,16,13,1024,1021,0.0
2016-09-02,19,13,1021,93,45,27,12,16,11,1023,1018,0.0
2016-09-03,19,16,1016,86,54,24,14,19,12,1019,1013,8.13
2016-09-04,24,17,1012,81,59,29,18,21,14,1014,1009,0.51
2016-09-05,29,21,1009,79,49,33,24,22,19,1010,1008,0.0
2016-09-06,29,21,1010,82,49,34,24,22,20,1012,1009,0.0
2016-09-07,27,22,1012,100,59,31,22,24,19,1015,1009,1.52
2016-09-08,25,21,1012,100,51,29,21,24,15,1015,1010,0.0
2016-09-09,22,18,1012,100,58,29,15,22,10,1019,1009,19.81
2016-09-10,19,9,1022,83,33,25,12,11,7,1024,1019,0.0
2016-09-11,19,11,1017,89,34,28,10,14,9,1021,1012,0.0
2016-09-12,22,16,1012,90,49,28,10,19,13,1017,1009,9.4
2016-09-13,16,14,1019,93,86,17,13,16,12,1025,1015,19.81
2016-09-14,16,14,1023,100,86,19,13,18,11,1025,1021,0.51
2016-09-15,23,19,1016,100,58,30,16,21,18,1020,1010,12.7
2016-09-16,21,15,1014,100,42,27,15,21,13,1017,1012,4.57
2016-09-17,21,12,1015,96,29,29,12,14,9,1017,1014,0.0
2016-09-18,22,15,1012,93,43,31,14,17,12,1014,1009,0.0
2016-09-19,22,17,1014,93,47,29,16,20,14,1018,1011,0.0
2016-09-20,25,18,1016,93,36,36,14,23,13,1019,1012,0.0
2016-09-21,29,21,1012,82,52,34,24,22,21,1013,1011,0.0
2016-09-22,28,21,1011,90,44,34,22,21,19,1012,1009,
2016-09-23,26,17,1012,87,32,33,18,19,14,1014,1011,0.0
2016-09-24,23,20,1013,97,69,27,19,22,18,1015,1011,4.32
2016-09-25,16,11,1019,93,31,24,8,20,3,1025,1014,4.57
2016-09-26,16,4,1023,76,23,26,6,8,2,1025,1019,0.0
2016-09-27,18,8,1015,93,26,28,8,11,6,1019,1011,0.0
2016-09-28,14,7,1021,86,37,21,7,11,6,1028,1013,0.0
2016-09-29,14,8,1029,100,41,23,6,11,5,1032,1027,0.0
2016-09-30,15,8,1024,100,33,24,6,11,6,1028,1021,0.0
2016-10-01,14,10,1020,100,53,22,7,13,6,1022,1018,0.0
2016-10-02,16,11,1019,97,42,25,7,13,7,1020,1017,0.0
2016-10-03,21,13,1011,93,45,27,13,14,12,1017,1005,0.0
2016-10-04,17,15,1004,93,66,22,12,17,13,1006,1001,19.3
2016-10-05,16,10,1011,100,41,23,8,12,7,1014,1006,0.0
2016-10-06,10,10,1013,93,82,14,6,14,3,1022,1011,18.54
2016-10-07,11,3,1026,92,34,19,2,7,1,1028,1022,0.0
2016-10-08,16,4,1024,83,21,24,6,6,0,1026,1022,0.0
2016-10-09,16,6,1024,96,25,25,6,8,3,1027,1021,0.0
2016-10-10,14,10,1019,86,60,17,11,12,7,1021,1015,2.03
2016-10-11,17,9,1014,89,53,23,10,13,6,1018,1012,0.0
2016-10-12,6,3,1024,89,50,12,1,6,-1,1029,1018,0.25
2016-10-13,7,1,1025,92,40,16,-2,4,-3,1029,1021,0.0
2016-10-14,13,10,1015,96,68,20,7,14,4,1021,1008,0.0
2016-10-15,19,16,1008,100,64,25,13,17,13,1010,1006,0.0
2016-10-16,20,15,1007,100,55,28,11,19,11,1010,1000,0.0
2016-10-17,21,14,997,100,31,29,13,18,8,1002,992,0.0
2016-10-18,16,7,1011,86,35,22,9,10,3,1017,1002,0.0
2016-10-19,16,8,1021,86,38,23,9,10,6,1025,1017,6.86
2016-10-20,10,6,1028,93,51,16,4,9,4,1030,1025,
2016-10-21,11,4,1022,92,37,19,1,7,2,1027,1017,0.0
2016-10-22,13,5,1015,92,27,24,2,7,1,1018,1011,0.0
2016-10-23,14,4,1019,92,22,23,6,9,0,1025,1011,0.0
2016-10-24,10,5,1027,92,44,18,2,7,2,1030,1024,0.0
2016-10-25,19,12,1017,78,52,26,12,17,7,1024,1011,0.25
2016-10-26,14,11,1018,93,60,21,6,17,7,1024,1011,
2016-10-27,15,7,1022,100,32,26,3,11,3,1024,1016,0.0
2016-10-28,20,14,1012,90,43,28,11,16,11,1016,1008,0.0
2016-10-29,17,12,1014,100,53,24,10,15,7,1021,1010,0.0
2016-10-30,11,6,1023,86,61,14,7,7,5,1027,1019,0.0
2016-10-31,16,12,1010,100,61,22,9,14,7,1018,1003,0.0
2016-11-01,16,7,1011,96,27,24,8,11,3,1014,1007,0.0
2016-11-02,12,9,1019,86,48,19,6,11,5,1025,1014,
2016-11-03,13,4,1027,100,24,25,2,8,2,1029,1025,0.0
2016-11-04,14,5,1028,92,29,25,3,9,2,1030,1026,0.0
2016-11-05,14,6,1025,89,33,23,6,8,5,1028,1023,0.0
2016-11-06,16,6,1022,77,37,22,8,7,4,1024,1020,0.0
2016-11-07,11,9,1023,100,61,13,9,11,5,1026,1020,1.27
2016-11-08,9,3,1030,93,42,16,1,11,-1,1032,1026,0.0
2016-11-09,7,1,1029,100,39,17,-3,4,-3,1033,1025,0.0
2016-11-10,12,3,1022,79,29,22,3,6,1,1026,1019,0.0
2016-11-11,6,0,1031,85,43,13,-3,3,-4,1033,1027,0.0
2016-11-12,4,-1,1028,92,41,14,-6,2,-7,1033,1023,0.0
2016-11-13,11,3,1017,85,40,19,2,6,-1,1022,1014,0.0
2016-11-14,11,3,1016,96,37,20,1,6,0,1018,1015,0.0
2016-11-15,11,2,1015,96,27,23,-1,7,-1,1016,1013,0.0
2016-11-16,13,3,1006,92,26,27,-1,7,-2,1015,999,0.0
2016-11-17,11,5,1002,89,51,16,6,6,3,1006,998,0.0
2016-11-18,3,-2,1018,89,54,7,-1,4,-6,1033,1004,0.76
2016-11-19,2,-6,1034,81,45,7,-4,-4,-7,1037,1031,0.0
2016-11-20,3,-5,1024,84,32,12,-6,-3,-8,1030,1020,0.0
2016-11-21,2,-3,1018,88,49,9,-5,-1,-7,1021,1014,0.0
2016-11-22,7,5,1011,100,58,9,5,7,1,1014,1009,9.65
2016-11-23,4,1,1020,93,73,6,2,3,0,1023,1014,0.0
2016-11-24,4,1,1024,92,79,5,2,2,0,1028,1022,0.0
2016-11-25,6,-1,1029,92,45,13,-2,1,-3,1031,1026,0.0
2016-11-26,8,0,1020,89,35,16,-1,1,-1,1025,1015,0.0
2016-11-27,7,7,999,100,71,14,-2,12,-3,1014,987,4.83
2016-11-28,7,-1,989,89,38,12,1,3,-2,993,986,0.0
2016-11-29,3,-3,1001,78,49,7,-1,-2,-4,1008,994,0.0
2016-11-30,1,-5,1010,72,54,3,-2,-4,-6,1015,1007,0.0
2016-12-01,1,-4,1018,84,49,6,-5,-4,-6,1022,1014,0.0
2016-12-02,1,-4,1027,92,49,7,-7,-2,-7,1029,1022,0.0
2016-12-03,-3,-1,1023,100,84,1,-7,1,-7,1030,1018,13.46
2016-12-04,1,-1,1016,100,82,3,-1,0,-2,1019,1012,0.0
2016-12-05,5,-1,1008,92,54,12,-2,3,-6,1013,1004,
2016-12-06,-2,-12,1019,63,32,3,-7,-7,-14,1024,1013,0.0
2016-12-07,-6,-14,1030,62,38,-3,-9,-12,-16,1035,1024,0.0
2016-12-08,-8,-16,1039,80,46,-3,-14,-13,-17,1041,1035,0.0
2016-12-09,-11,-13,1037,87,62,-5,-16,-9,-18,1041,1034,0.0
2016-12-10,-2,-8,1024,81,47,1,-6,-6,-9,1034,1012,0.0
2016-12-11,-5,-8,1014,84,62,1,-11,-5,-13,1022,1008,0.0
2016-12-12,-3,-11,1020,88,39,6,-13,-6,-16,1025,1015,0.0
2016-12-13,-9,-17,1028,73,39,-4,-14,-14,-19,1031,1025,0.0
2016-12-14,-9,-17,1031,80,32,-3,-16,-12,-19,1035,1026,0.0
2016-12-15,-11,-16,1028,83,40,-4,-17,-14,-19,1036,1018,0.0
2016-12-16,-4,-7,1008,100,50,-3,-6,-4,-14,1017,1002,0.25
2016-12-17,-13,-17,1020,92,64,-6,-21,-8,-25,1034,1009,0.25
2016-12-18,-17,-21,1037,87,61,-11,-24,-16,-27,1039,1034,0.0
2016-12-19,-8,-12,1031,83,60,0,-16,-7,-18,1038,1024,0.0
2016-12-20,1,-6,1024,92,49,7,-5,-3,-10,1027,1020,0.0
2016-12-21,4,-4,1021,88,29,11,-3,-2,-7,1029,1015,0.0
2016-12-22,-1,-6,1029,92,37,8,-10,-3,-9,1032,1024,0.0
2016-12-23,-1,-2,1014,100,64,4,-6,1,-7,1023,1009,3.05
2016-12-24,-3,-4,1019,100,79,4,-11,1,-12,1023,1017,0.0
2016-12-25,9,5,1007,100,59,16,2,14,-3,1019,997,23.37
2016-12-26,1,-8,1020,69,40,4,-3,-4,-12,1027,1008,0.0
2016-12-27,1,-5,1022,88,36,9,-7,-3,-8,1027,1014,0.0
2016-12-28,4,-4,1016,85,37,9,-2,-2,-8,1022,1013,0.0
2016-12-29,1,-9,1027,68,23,8,-7,-8,-12,1029,1023,0.0
2016-12-30,1,-6,1013,84,36,9,-8,-3,-10,1027,1004,0.0
2016-12-31,-2,-8,1013,84,44,2,-7,-4,-9,1016,1007,0.0
2017-01-01,-1,-6,1014,88,41,5,-7,-3,-9,1017,1012,0.0
2017-01-02,1,0,1012,100,67,3,-1,3,-3,1018,1009,0.0
2017-01-03,-7,-13,1026,82,35,-1,-12,-4,-17,1031,1017,0.0
2017-01-04,-12,-16,1026,92,35,-10,-13,-14,-19,1031,1022,3.05
2017-01-05,-16,-18,1025,95,61,-11,-21,-15,-23,1028,1022,
2017-01-06,-16,-21,1030,87,58,-10,-23,-17,-26,1032,1027,0.0
2017-01-07,-12,-16,1039,87,61,-7,-18,-13,-20,1043,1032,0.0
2017-01-08,-8,-11,1030,87,61,1,-18,-6,-21,1040,1023,0.0
2017-01-09,-3,-7,1014,85,62,2,-9,-3,-13,1027,1000,0.0
2017-01-10,-1,-5,1006,92,54,3,-6,-1,-8,1013,995,0.76
2017-01-11,-4,-10,1010,92,57,1,-11,-2,-16,1017,1003,0.0
2017-01-12,-8,-14,1029,76,41,-5,-12,-12,-17,1037,1018,0.0
2017-01-13,-7,-14,1038,73,39,-4,-10,-12,-17,1041,1035,0.0
2017-01-14,-2,-11,1034,74,35,4,-8,-7,-12,1036,1032,0.0
2017-01-15,-1,-3,1025,100,58,0,-2,-1,-8,1031,1020,5.33
2017-01-16,1,-1,1016,100,89,1,0,0,-1,1021,1012,15.24
2017-01-17,-1,-3,1019,100,70,3,-5,-1,-7,1022,1016,0.0
2017-01-18,3,0,1016,92,63,11,-4,4,-4,1021,1012,0.0
2017-01-19,3,3,1006,100,82,7,-1,6,-1,1011,1003,0.0
2017-01-20,6,4,1000,100,92,8,3,6,3,1003,996,1.27
2017-01-21,5,2,998,100,54,12,-2,4,-3,1003,995,0.0
2017-01-22,0,-2,1010,100,76,5,-5,1,-6,1014,1003,0.0
2017-01-23,-1,-2,1012,100,70,4,-6,0,-7,1015,1009,0.0
2017-01-24,1,-1,1003,100,75,2,-1,0,-2,1009,1000,0.76
2017-01-25,-2,-4,1010,92,72,1,-5,-1,-9,1020,1003,1.78
2017-01-26,-2,-8,1022,81,63,0,-5,-6,-8,1023,1020,
2017-01-27,-3,-6,1021,77,48,4,-10,-3,-10,1023,1018,0.0
2017-01-28,2,-3,1018,78,53,6,-1,-2,-5,1020,1016,0.0
2017-01-29,3,-1,1018,92,56,9,-3,1,-3,1020,1016,0.0
2017-01-30,7,-3,1014,100,26,16,-3,0,-4,1017,1012,0.0
2017-01-31,4,-2,1017,82,49,8,1,-1,-4,1021,1014,0.0
2017-02-01,-3,-7,1027,82,51,1,-7,-2,-12,1034,1021,0.0
2017-02-02,-5,-13,1035,70,46,-2,-8,-12,-16,1038,1034,0.0
2017-02-03,-3,-11,1034,77,38,1,-7,-9,-12,1039,1028,
2017-02-04,3,-6,1015,77,34,12,-6,-1,-9,1027,1009,0.0
2017-02-05,-1,-7,1019,91,44,5,-7,-6,-9,1023,1015,0.0
2017-02-06,2,2,1005,100,75,9,-6,6,-8,1014,999,0.0
2017-02-07,1,-5,1008,100,57,6,-6,5,-11,1015,999,0.0
2017-02-08,-8,-13,1022,80,47,-6,-11,-10,-16,1031,1013,0.25
2017-02-09,-4,-12,1025,76,38,3,-12,-8,-16,1032,1014,0.0
2017-02-10,10,-2,1007,75,28,22,-2,2,-7,1013,1005,0.0
2017-02-11,8,2,1013,89,44,16,0,4,-1,1022,1008,0.0
2017-02-12,3,-6,1031,82,17,11,-6,3,-13,1035,1024,0.0
2017-02-13,3,-6,1025,81,24,12,-7,-2,-9,1031,1020,0.0
2017-02-14,4,-3,1020,88,32,12,-5,-2,-7,1022,1018,0.0
2017-02-15,5,-3,1017,85,35,13,-4,-2,-5,1022,1011,0.0
2017-02-16,12,-2,1006,64,20,22,2,0,-4,1010,1003,0.0
2017-02-17,12,0,1004,76,20,23,1,2,-2,1007,1001,0.0
2017-02-18,9,-1,1009,92,24,20,-3,2,-3,1012,1008,0.0
2017-02-19,12,7,1010,93,41,23,2,12,-1,1012,1008,0.0
2017-02-20,11,11,1008,100,52,19,1,14,2,1015,1006,0.25
2017-02-21,11,-1,1013,92,18,24,-3,4,-4,1017,1008,0.0
2017-02-22,13,1,1006,79,17,24,2,3,-3,1009,1003,0.0
2017-02-23,4,1,1005,100,70,8,1,3,-1,1009,1001,11.18
2017-02-24,-2,-4,1011,92,68,1,-4,0,-8,1021,1003,2.29
2017-02-25,-4,-8,1019,80,51,2,-12,-2,-12,1024,1014,0.0
2017-02-26,2,-6,1015,85,40,8,-6,-3,-7,1017,1013,0.0
2017-02-27,3,-3,1012,92,30,14,-9,2,-11,1017,1004,0.0
2017-02-28,6,2,1005,100,65,9,2,7,-1,1010,1001,
2017-03-01,2,-4,1019,89,34,8,-5,-1,-8,1026,1010,0.0
2017-03-02,1,-7,1031,84,28,9,-8,-2,-10,1035,1026,0.0
2017-03-03,3,-6,1028,91,26,14,-8,-4,-9,1035,1022,0.0
2017-03-04,9,-2,1017,92,17,23,-6,7,-7,1021,1013,0.0
2017-03-05,17,9,1008,83,47,22,11,11,7,1012,1003,0.0
2017-03-06,16,5,997,78,20,26,4,12,-7,1009,989,0.25
2017-03-07,8,-9,1016,61,12,14,1,-4,-16,1021,1010,0.0
2017-03-08,7,-9,1022,53,19,16,-2,-6,-11,1025,1018,0.0
2017-03-09,4,-6,1023,75,26,12,-3,-3,-8,1034,1017,0.0
2017-03-10,-5,-14,1035,77,31,-2,-9,-8,-18,1039,1032,0.0
2017-03-11,-2,-11,1034,63,40,1,-4,-8,-16,1035,1032,0.0
2017-03-12,2,-4,1022,75,54,6,-3,1,-9,1033,1016,
2017-03-13,-3,-9,1026,81,47,1,-6,-7,-11,1031,1018,0.0
2017-03-14,-4,-8,1030,91,58,-1,-8,-7,-11,1033,1027,1.27
2017-03-15,1,-7,1029,84,41,8,-7,-4,-9,1033,1023,0.0
2017-03-16,10,0,1015,77,37,21,-1,8,-7,1023,1008,0.0
2017-03-17,12,1,1020,92,17,21,2,6,-6,1028,1010,0.0
2017-03-18,7,-6,1027,78,16,17,-2,-2,-10,1030,1023,0.0
2017-03-19,19,3,1014,77,29,31,7,12,-8,1022,1008,0.0
2017-03-20,14,4,1016,89,26,21,7,9,-2,1023,1010,0.0
2017-03-21,6,-1,1027,85,40,10,1,2,-6,1031,1022,0.25
2017-03-22,7,-6,1027,70,26,12,1,-3,-8,1031,1021,
2017-03-23,17,6,1010,71,42,25,9,12,-3,1020,1001,
2017-03-24,13,8,1011,93,51,21,6,13,4,1017,1005,3.81
2017-03-25,6,4,1015,100,86,6,4,4,3,1017,1014,7.37
2017-03-26,7,4,1013,100,77,9,4,6,4,1016,1012,0.0
2017-03-27,8,5,1015,92,55,14,1,6,1,1017,1013,
2017-03-28,5,3,1019,100,66,11,-2,7,-2,1021,1017,1.27
2017-03-29,7,6,1013,100,89,8,6,7,4,1019,1008,25.65
2017-03-30,6,4,1008,100,83,7,4,5,4,1012,1006,1.27
2017-03-31,9,4,1015,93,59,13,5,5,3,1021,1011,0.0
2017-04-01,6,4,1023,92,76,9,3,6,3,1025,1020,1.78
2017-04-02,9,7,1014,100,77,12,6,9,5,1021,1007,0.76
2017-04-03,14,8,1003,100,48,19,8,10,6,1007,1000,
2017-04-04,12,5,1010,86,47,16,7,7,3,1013,1007,
2017-04-05,11,2,1014,79,27,17,3,4,-3,1020,1011,1.02
2017-04-06,8,-1,1023,92,25,16,-1,3,-4,1026,1020,0.0
2017-04-07,8,0,1019,92,29,20,-4,4,-5,1025,1009,0.0
2017-04-08,17,8,1004,80,39,26,7,13,4,1009,1000,0.0
2017-04-09,19,11,1000,93,35,27,11,14,7,1007,997,
2017-04-10,8,3,1016,86,51,13,2,8,-1,1025,1006,
2017-04-11,8,-1,1025,92,26,19,-3,3,-4,1029,1022,0.0
2017-04-12,14,8,1021,86,57,22,7,13,3,1023,1016,0.76
2017-04-13,16,11,1019,93,50,25,7,15,7,1021,1016,0.0
2017-04-14,19,16,1012,93,61,24,14,18,13,1016,1006,9.91
2017-04-15,21,14,1009,93,45,27,15,16,12,1013,1006,0.51
2017-04-16,14,6,1019,86,25,22,7,11,0,1021,1014,0.0
2017-04-17,14,7,1019,92,38,24,5,10,3,1022,1015,0.0
2017-04-18,19,14,1014,90,61,23,14,16,11,1015,1012,2.29
2017-04-19,19,13,1011,97,47,28,10,19,8,1016,1004,23.88
2017-04-20,13,7,1019,93,42,19,7,8,4,1022,1015,0.25
2017-04-21,10,4,1021,89,47,14,6,6,2,1023,1019,0.0
2017-04-22,12,2,1024,86,28,19,4,4,0,1025,1023,0.0
2017-04-23,12,0,1019,89,20,23,0,3,-2,1024,1012,0.0
2017-04-24,16,5,1003,67,27,24,8,9,2,1011,998,0.0
2017-04-25,9,5,1001,89,66,13,4,7,2,1005,997,0.51
2017-04-26,6,0,1006,85,57,8,3,2,-2,1008,1003,0.0
2017-04-27,8,1,1007,82,39,15,0,6,-2,1008,1006,0.0
2017-04-28,8,4,1011,100,74,11,4,7,3,1019,1007,11.94
2017-04-29,6,4,1017,100,71,8,4,5,2,1020,1015,6.35
2017-04-30,5,3,1005,93,89,6,3,4,3,1014,999,30.23
2017-05-01,9,2,1003,92,32,17,2,6,-1,1009,998,0.76
2017-05-02,14,4,1014,71,37,20,7,7,3,1017,1010,0.0
2017-05-03,13,8,1017,93,52,19,7,11,6,1021,1016,4.32
2017-05-04,13,5,1019,96,29,22,4,8,3,1021,1017,0.0
2017-05-05,16,4,1015,89,21,26,4,7,2,1018,1012,0.0
2017-05-06,20,6,1012,66,23,28,12,7,4,1014,1011,0.0
2017-05-07,21,8,1011,66,30,31,12,13,5,1014,1008,0.0
2017-05-08,26,12,1010,73,23,34,18,14,10,1013,1008,0.0
2017-05-09,21,12,1012,86,40,28,14,13,8,1015,1010,0.0
2017-05-10,16,13,1011,100,56,19,12,16,8,1015,1009,9.65
2017-05-11,16,9,1016,89,36,22,8,12,5,1018,1015,0.0
2017-05-12,15,5,1017,83,31,24,5,8,3,1019,1015,0.0
2017-05-13,18,7,1012,93,25,27,8,10,5,1015,1007,0.0
2017-05-14,23,12,1006,72,29,32,15,14,11,1008,1004,0.25
2017-05-15,24,16,1005,87,37,33,15,18,12,1007,1002,
2017-05-16,24,16,1001,100,41,33,16,18,13,1006,996,42.93
2017-05-17,19,14,996,97,63,24,13,17,10,1004,991,15.49
2017-05-18,16,10,1012,93,63,19,12,12,8,1015,1005,10.92
2017-05-19,12,10,1014,100,83,13,9,11,8,1016,1012,31.75
2017-05-20,10,8,1010,100,71,13,7,11,5,1015,1008,28.7
2017-05-21,13,4,1018,83,31,21,6,8,3,1021,1015,0.0
2017-05-22,16,11,1014,93,41,23,8,14,7,1018,1010,4.32
2017-05-23,13,7,1013,80,57,16,10,9,6,1014,1011,
2017-05-24,15,7,1007,93,39,21,8,9,6,1011,1004,0.0
2017-05-25,17,9,1002,86,38,26,8,13,6,1004,999,
2017-05-26,22,12,1007,84,35,28,15,14,10,1011,1002,0.0
2017-05-27,19,12,1012,86,43,25,13,15,8,1014,1010,10.67
2017-05-28,21,7,1013,89,20,29,11,11,2,1014,1012,0.0
2017-05-29,18,6,1015,67,22,26,9,11,1,1017,1012,0.0
2017-05-30,18,5,1017,86,20,28,8,8,2,1018,1014,0.0
2017-05-31,18,7,1018,86,26,27,8,11,6,1019,1016,
2017-06-01,21,14,1016,80,44,29,12,18,9,1018,1013,0.0
2017-06-02,24,16,1014,93,34,32,17,18,13,1015,1012,0.0
2017-06-03,24,16,1014,90,36,31,16,17,14,1016,1012,0.0
2017-06-04,26,17,1011,93,34,33,17,19,14,1013,1009,
2017-06-05,26,14,1010,93,24,35,17,18,9,1013,1009,0.0
2017-06-06,24,12,1015,73,32,30,18,14,9,1017,1013,0.0
2017-06-07,22,10,1018,75,27,29,14,12,8,1020,1016,0.0
2017-06-08,24,10,1014,67,19,32,16,13,6,1016,1010,0.0
2017-06-09,25,14,1008,84,32,33,17,17,12,1010,1004,0.0
2017-06-10,28,19,1003,79,44,34,21,21,17,1005,1001,0.0
2017-06-11,30,19,1003,79,38,37,23,21,18,1006,1002,0.0
2017-06-12,26,21,1009,97,59,32,19,23,18,1011,1006,94.49
2017-06-13,28,21,1005,84,52,34,22,22,17,1008,1001,0.0
2017-06-14,24,17,1008,87,40,31,17,19,14,1010,1005,7.62
2017-06-15,26,17,1009,93,36,35,16,20,14,1012,1006,0.0
2017-06-16,27,20,1006,93,52,33,21,22,16,1010,998,18.8
2017-06-17,23,19,1005,93,58,28,17,21,15,1009,1003,
2017-06-18,22,11,1011,78,28,28,16,15,8,1013,1010,
2017-06-19,24,11,1015,78,21,31,17,15,6,1016,1013,0.0
2017-06-20,25,14,1013,90,26,35,14,16,12,1015,1010,0.0
2017-06-21,28,18,1006,79,36,36,21,21,15,1010,1003,0.0
2017-06-22,27,18,1003,69,44,33,21,22,16,1008,1001,
2017-06-23,19,12,1014,86,39,26,12,17,8,1020,1009,
2017-06-24,18,6,1022,89,23,27,8,10,3,1023,1020,0.0
2017-06-25,18,7,1025,80,26,26,9,9,4,1027,1022,0.0
2017-06-26,19,13,1021,84,46,25,14,17,9,1024,1019,4.32
2017-06-27,20,15,1015,100,54,29,11,19,9,1021,1006,
2017-06-28,26,19,1006,90,46,33,18,21,17,1011,1003,50.55
2017-06-29,24,19,1008,90,51,30,19,21,17,1012,1005,10.92
2017-06-30,22,16,1014,93,45,27,17,19,13,1016,1010,0.0
2017-07-01,22,15,1016,90,40,31,14,18,13,1018,1014,0.0
2017-07-02,24,17,1016,93,55,29,18,21,15,1019,1014,20.83
2017-07-03,26,19,1014,97,46,32,20,21,17,1016,1012,
2017-07-04,25,19,1016,93,57,31,19,22,18,1018,1014,
2017-07-05,24,18,1018,93,43,32,16,19,16,1019,1016,0.0
2017-07-06,28,21,1015,90,43,35,21,24,18,1019,1013,0.0
2017-07-07,23,17,1018,94,45,28,17,23,13,1021,1014,0.0
2017-07-08,23,17,1017,97,42,31,16,19,15,1020,1015,0.0
2017-07-09,28,20,1012,90,46,35,20,22,18,1016,1007,0.0
2017-07-10,29,21,1008,79,52,34,25,24,18,1009,1007,0.0
2017-07-11,29,22,1007,85,45,36,23,24,18,1011,1005,0.0
2017-07-12,27,21,1013,93,55,32,21,23,19,1017,1006,33.53
2017-07-13,24,21,1019,100,65,28,21,21,20,1021,1015,22.1
2017-07-14,25,20,1021,100,50,31,18,22,18,1022,1019,0.0
2017-07-15,27,21,1019,93,47,33,21,23,19,1021,1016,0.0
2017-07-16,28,21,1015,90,46,35,21,23,19,1017,1012,0.0
2017-07-17,28,20,1013,84,44,34,22,22,19,1014,1011,0.0
2017-07-18,28,22,1014,93,56,33,22,25,21,1015,1013,3.81
2017-07-19,30,22,1014,82,52,36,24,24,21,1016,1011,0.0
2017-07-20,29,22,1013,82,49,36,23,24,21,1014,1010,0.0
2017-07-21,32,22,1008,67,40,38,26,24,20,1010,1005,0.0
2017-07-22,28,23,1010,97,55,34,22,26,18,1013,1005,
2017-07-23,26,19,1013,97,44,33,18,22,17,1015,1012,0.0
2017-07-24,24,18,1015,93,50,32,17,20,16,1016,1013,0.0
2017-07-25,29,21,1014,90,40,36,22,23,19,1015,1011,0.0
2017-07-26,26,22,1015,100,65,28,22,24,21,1017,1011,71.88
2017-07-27,24,19,1016,100,51,29,19,22,17,1018,1015,0.0
2017-07-28,23,17,1016,100,51,29,17,18,16,1017,1015,0.0
2017-07-29,23,18,1019,93,54,28,18,19,17,1020,1016,0.0
2017-07-30,24,17,1021,81,51,27,20,19,16,1023,1020,0.0
2017-07-31,23,17,1020,87,51,28,17,18,16,1022,1019,0.0
2017-08-01,24,18,1019,93,48,31,18,19,16,1020,1017,0.0
2017-08-02,24,18,1018,87,42,31,18,21,16,1020,1016,0.0
2017-08-03,19,14,1018,87,47,25,13,21,11,1022,1015,
2017-08-04,18,11,1020,96,35,26,10,12,9,1022,1017,0.0
2017-08-05,18,14,1014,90,67,21,16,17,12,1017,1012,6.6
2017-08-06,21,17,1015,100,64,24,17,17,16,1017,1013,0.0
2017-08-07,21,16,1020,100,50,27,15,17,14,1022,1017,0.0
2017-08-08,21,16,1021,100,49,28,13,18,13,1023,1019,0.0
2017-08-09,21,17,1018,97,69,25,16,19,15,1020,1016,
2017-08-10,22,17,1019,100,53,28,15,19,13,1020,1017,0.0
2017-08-11,21,15,1020,93,45,27,14,17,13,1021,1018,0.25
2017-08-12,21,14,1018,93,45,28,13,15,12,1020,1015,0.0
2017-08-13,23,17,1013,87,51,28,18,18,14,1016,1009,1.78
2017-08-14,25,19,1009,97,43,31,19,21,17,1011,1008,15.24
2017-08-15,26,20,1010,90,59,32,20,23,17,1012,1007,0.25
2017-08-16,24,19,1008,93,55,28,19,22,16,1011,1005,10.41
2017-08-17,23,16,1013,87,37,29,17,18,13,1014,1010,0.0
2017-08-18,24,17,1013,93,45,31,18,19,16,1015,1010,
2017-08-19,23,17,1013,93,45,31,14,21,13,1015,1008,2.79
2017-08-20,24,19,1013,84,61,31,18,22,17,1016,1011,46.23
2017-08-21,24,21,1013,93,65,29,19,23,17,1016,1011,
2017-08-22,19,15,1020,100,40,26,13,18,11,1022,1016,0.0
2017-08-23,19,13,1020,93,45,27,12,15,10,1022,1016,0.0
2017-08-24,21,14,1015,93,47,28,14,16,13,1017,1013,0.0
2017-08-25,24,17,1017,87,48,29,18,19,16,1019,1015,0.25
2017-08-26,25,19,1017,87,53,31,19,22,16,1019,1015,
2017-08-27,23,19,1017,100,55,29,17,21,17,1019,1015,2.03
2017-08-28,20,15,1019,93,50,26,13,17,13,1021,1018,0.0
2017-08-29,19,14,1019,100,52,27,12,17,12,1020,1018,0.0
2017-08-30,20,14,1019,93,51,28,11,17,11,1021,1018,0.0
2017-08-31,22,16,1019,93,47,29,14,17,13,1021,1017,0.0
2017-09-01,22,17,1017,93,56,27,16,18,15,1019,1016,0.25
2017-09-02,24,18,1016,100,55,30,17,20,17,1017,1015,0.0
2017-09-03,24,18,1016,100,41,33,16,20,15,1019,1010,0.0
2017-09-04,22,15,1014,81,42,26,17,18,12,1020,1009,0.0
2017-09-05,16,7,1022,86,31,22,9,11,4,1023,1021,0.0
2017-09-06,14,7,1022,93,31,22,6,9,4,1023,1021,0.0
2017-09-07,18,8,1019,92,26,28,7,11,6,1021,1015,0.0
2017-09-08,21,12,1017,89,31,32,11,16,10,1019,1016,0.0
2017-09-09,22,13,1021,80,39,29,15,14,11,1023,1019,0.0
2017-09-10,24,14,1022,78,37,29,18,16,13,1025,1020,
2017-09-11,23,13,1020,87,35,30,15,15,12,1022,1018,0.0
2017-09-12,22,14,1014,93,37,30,13,16,12,1018,1010,0.0
2017-09-13,23,13,1008,93,29,32,13,15,12,1011,1005,0.0
2017-09-14,27,13,1005,73,23,35,18,15,11,1007,1003,0.0
2017-09-15,27,15,1006,73,32,33,19,19,13,1008,1005,0.25
2017-09-16,19,17,1012,90,73,24,14,20,12,1019,1009,4.32
2017-09-17,16,9,1021,93,41,23,8,13,7,1024,1018,
2017-09-18,21,18,1014,100,74,24,17,20,14,1019,1011,6.86
2017-09-19,26,19,1005,93,44,33,19,22,18,1011,999,0.0
2017-09-20,22,13,1007,79,34,28,16,22,10,1011,1000,0.0
2017-09-21,25,18,1008,87,46,35,15,23,11,1011,1005,0.0
2017-09-22,30,20,1008,82,34,36,24,22,17,1010,1007,0.0
2017-09-23,28,18,1011,90,38,34,21,19,16,1013,1010,0.0
2017-09-24,24,18,1012,93,45,31,17,19,17,1015,1010,14.99
2017-09-25,16,15,1014,97,90,18,14,17,13,1015,1012,20.07
2017-09-26,15,11,1019,93,60,19,11,13,9,1022,1015,
2017-09-27,16,9,1024,93,38,23,8,11,7,1026,1023,0.0
2017-09-28,18,9,1023,93,28,27,9,11,6,1026,1022,0.0
2017-09-29,19,9,1024,96,26,27,11,11,6,1025,1022,0.0
2017-09-30,22,10,1021,72,36,26,17,12,8,1024,1016,0.25
2017-10-01,22,12,1010,84,42,27,16,14,9,1016,1005,4.83
2017-10-02,23,16,1008,78,49,29,17,18,11,1010,1005,25.65
2017-10-03,20,16,1018,90,64,25,15,19,11,1028,1008,1.78
2017-10-04,17,9,1028,83,44,22,12,10,7,1031,1024,
2017-10-05,17,16,1019,100,67,19,14,18,11,1023,1015,34.04
2017-10-06,18,16,1008,100,87,23,14,21,13,1016,1000,29.97
2017-10-07,17,11,1002,100,36,24,11,13,8,1005,1000,2.54
2017-10-08,18,9,1004,89,35,26,9,12,8,1008,1003,0.0
2017-10-09,10,3,1017,65,47,14,5,6,1,1024,1010,7.37
2017-10-10,7,3,1026,93,50,12,2,4,1,1027,1024,10.41
2017-10-11,9,2,1022,92,31,18,-1,4,-2,1025,1019,0.0
2017-10-12,15,10,1015,93,53,22,7,12,6,1019,1011,0.0
2017-10-13,14,11,1016,86,72,16,12,12,8,1018,1014,0.0
2017-10-14,13,11,1013,100,66,16,10,14,4,1021,1009,7.62
2017-10-15,10,2,1026,79,29,17,3,4,-2,1030,1022,0.0
2017-10-16,13,3,1025,92,23,24,2,6,1,1029,1020,0.0
2017-10-17,14,6,1018,83,38,23,6,9,4,1020,1015,0.0
2017-10-18,17,8,1014,86,35,27,8,10,6,1018,1013,0.0
2017-10-19,16,8,1016,89,39,27,5,13,4,1019,1014,0.0
2017-10-20,19,13,1009,86,54,26,13,15,9,1014,1004,0.0
2017-10-21,17,13,1005,78,43,24,9,17,4,1016,1001,0.0
2017-10-22,13,1,1018,79,15,22,4,4,-6,1021,1014,0.0
2017-10-23,14,1,1017,56,24,19,8,4,-2,1021,1011,
2017-10-24,10,-2,1021,62,30,14,5,-1,-3,1023,1019,0.0
2017-10-25,14,1,1011,63,23,24,3,6,-3,1019,1003,0.0
2017-10-26,11,1,1009,79,39,18,4,4,-6,1021,999,0.0
2017-10-27,2,-7,1021,63,44,5,-2,-6,-8,1023,1021,
2017-10-28,3,-11,1019,75,12,12,-6,-7,-18,1022,1013,0.0
2017-10-29,11,-3,1009,64,25,23,-2,5,-14,1013,1004,0.0
2017-10-30,6,-6,1020,56,36,10,2,2,-8,1025,1013,
2017-10-31,-1,-4,1021,85,51,2,-3,-2,-8,1026,1013,0.25
2017-11-01,5,-1,1006,89,54,11,-1,2,-3,1012,1003,0.0
2017-11-02,6,2,1015,93,46,13,-1,4,-1,1026,1006,0.0
2017-11-03,3,-2,1024,92,49,9,-3,1,-4,1029,1018,0.0
2017-11-04,9,3,1012,83,54,12,7,6,1,1017,1008,0.0
2017-11-05,5,-1,1014,80,31,10,0,6,-8,1023,1009,0.0
2017-11-06,2,-6,1025,88,33,8,-5,-5,-8,1027,1023,0.0
2017-11-07,1,-6,1031,75,36,7,-6,-4,-8,1032,1027,0.0
2017-11-08,2,-6,1026,88,35,12,-7,-2,-9,1031,1021,0.0
2017-11-09,1,-8,1030,78,40,5,-4,-2,-13,1033,1022,0.0
2017-11-10,-2,-11,1028,59,41,2,-6,-7,-13,1033,1022,0.0
2017-11-11,5,3,1020,100,48,8,2,7,-7,1024,1017,0.25
2017-11-12,4,2,1028,100,41,12,-4,6,-5,1031,1023,0.0
2017-11-13,1,3,1026,100,82,8,-6,6,-8,1031,1021,0.0
2017-11-14,10,9,1014,100,86,12,8,11,7,1021,1011,0.0
2017-11-15,4,0,1021,100,35,13,-4,9,-7,1025,1013,0.0
2017-11-16,3,-3,1019,92,38,13,-7,0,-8,1025,1010,0.0
2017-11-17,13,7,1003,86,58,19,7,12,1,1009,999,
2017-11-18,3,0,1015,89,39,11,-4,4,-7,1025,1002,1.52
2017-11-19,4,-5,1020,92,27,14,-6,-2,-7,1025,1013,0.0
2017-11-20,8,-4,1007,70,25,16,0,-3,-5,1012,1003,0.0
2017-11-21,-1,-9,1023,78,29,7,-9,-2,-13,1032,1008,
2017-11-22,-2,-9,1026,88,33,6,-11,-6,-13,1032,1018,0.0
2017-11-23,10,2,1014,82,36,22,-2,5,-6,1019,1007,0.0
2017-11-24,14,3,1006,76,25,24,4,4,1,1016,999,0.0
2017-11-25,7,-1,1022,92,31,16,-3,3,-5,1025,1017,0.0
2017-11-26,9,1,1020,82,37,19,-1,3,-3,1024,1015,0.0
2017-11-27,12,3,1007,82,31,22,2,9,-1,1014,1002,0.0
2017-11-28,7,-3,1019,80,24,16,-1,8,-7,1029,1004,0.0
2017-11-29,1,-7,1024,84,22,11,-9,-3,-10,1029,1020,0.0
2017-11-30,6,-6,1026,69,22,14,-2,-3,-8,1028,1023,0.0
2017-12-01,6,-4,1020,81,28,16,-4,-2,-7,1023,1016,0.0
2017-12-02,4,-6,1021,85,23,14,-6,-3,-7,1023,1019,0.0
2017-12-03,7,3,1011,83,56,17,-3,11,-7,1020,999,0.0
2017-12-04,8,1,1006,80,44,17,-2,12,-11,1022,995,0.0
2017-12-05,2,-10,1022,50,28,8,-4,-4,-13,1024,1020,0.0
2017-12-06,0,-6,1026,89,45,7,-7,-1,-12,1033,1022,
2017-12-07,-6,-14,1030,76,33,-2,-11,-12,-17,1035,1021,0.0
2017-12-08,-3,-6,1018,75,60,2,-8,-4,-12,1020,1016,0.0
2017-12-09,1,-6,1022,78,43,6,-4,-4,-8,1025,1017,0.0
2017-12-10,6,-7,1020,68,23,15,-3,-6,-8,1022,1018,0.0
2017-12-11,4,-4,1021,78,31,11,-3,1,-9,1029,1016,
2017-12-12,0,-6,1023,84,42,9,-9,-2,-10,1030,1010,0.0
2017-12-13,6,-4,1011,70,30,12,-1,-2,-6,1017,1006,0.0
2017-12-14,4,-2,1020,85,51,6,2,1,-6,1022,1017,
2017-12-15,3,-4,1015,82,39,9,-3,-2,-6,1022,1008,0.0
2017-12-16,5,-5,1011,75,30,13,-4,-2,-8,1015,1008,0.0
2017-12-17,1,-2,1017,92,60,6,-4,-1,-5,1020,1014,3.05
2017-12-18,4,-2,1014,92,30,13,-4,-1,-5,1017,1012,0.0
2017-12-19,3,-6,1019,92,31,10,-3,0,-9,1022,1014,0.0
2017-12-20,1,-7,1015,71,34,8,-7,-1,-11,1021,1009,0.0
2017-12-21,1,-3,1014,96,62,6,-6,1,-8,1021,1009,0.76
2017-12-22,-4,-8,1023,88,56,1,-9,-6,-10,1026,1020,0.0
2017-12-23,-7,-10,1026,91,65,-5,-9,-8,-12,1029,1024,2.54
2017-12-24,-11,-12,1028,92,61,-7,-14,-8,-18,1031,1026,3.05
2017-12-25,-12,-17,1033,83,50,-8,-15,-16,-21,1037,1030,0.25
2017-12-26,-18,-21,1041,83,55,-13,-24,-18,-26,1045,1035,
2017-12-27,-19,-22,1040,90,55,-12,-27,-17,-29,1046,1032,
2017-12-28,-8,-13,1032,80,59,-4,-12,-11,-17,1033,1029,0.0
2017-12-29,-10,-12,1027,84,73,-7,-13,-8,-17,1034,1021,
2017-12-30,-15,-20,1036,76,66,-13,-18,-17,-22,1039,1032,
2017-12-31,-21,-24,1046,75,64,-18,-24,-22,-27,1050,1038,0.0
